date,country_code,fci_pca,window_label,episode
1999-01-31,DE,1.9539857397815037,tranquil,
1999-02-28,DE,1.9978185462987812,tranquil,
1999-03-31,DE,1.8125575013697184,tranquil,
1999-04-30,DE,1.8300566532847868,tranquil,
1999-05-31,DE,1.8745087006560588,tranquil,
1999-06-30,DE,1.7432579708065208,tranquil,
1999-07-31,DE,1.5841017346133723,tranquil,
1999-08-31,DE,1.80716476233561,tranquil,
1999-09-30,DE,1.8212361750876171,tranquil,
1999-10-31,DE,2.0623195565715693,buffer,
1999-11-30,DE,1.8331865597432235,buffer,
1999-12-31,DE,1.8193464867672964,buffer,
2000-01-31,DE,2.1932728337382854,stress,Dot-com bust
2000-02-29,DE,2.1632154547917763,stress,Dot-com bust
2000-03-31,DE,2.0825573906613917,stress,Dot-com bust
2000-04-30,DE,2.4976989286886035,stress,Dot-com bust
2000-05-31,DE,2.559222178838776,stress,Dot-com bust
2000-06-30,DE,2.39239415585359,stress,Dot-com bust
2000-07-31,DE,2.229324300322727,stress,Dot-com bust
2000-08-31,DE,2.124912882515116,stress,Dot-com bust
2000-09-30,DE,2.2190948864622495,stress,Dot-com bust
2000-10-31,DE,3.2780019356178296,stress,Dot-com bust
2000-11-30,DE,3.43856508875093,stress,Dot-com bust
2000-12-31,DE,3.6351244731033807,stress,Dot-com bust
2001-01-31,DE,3.360733922465782,stress,Dot-com bust
2001-02-28,DE,3.1824360925609785,stress,Dot-com bust
2001-03-31,DE,3.615766029623273,stress,Dot-com bust
2001-04-30,DE,3.778109197380238,stress,Dot-com bust
2001-05-31,DE,3.2136477565748525,stress,Dot-com bust
2001-06-30,DE,3.2080541598272436,stress,Dot-com bust
2001-07-31,DE,3.3179543507114393,stress,Dot-com bust
2001-08-31,DE,3.3086404533183553,stress,Dot-com bust
2001-09-30,DE,4.2187792472366885,stress,Dot-com bust
2001-10-31,DE,3.902866214029223,stress,Dot-com bust
2001-11-30,DE,3.446809374769623,stress,Dot-com bust
2001-12-31,DE,3.407702776039463,stress,Dot-com bust
2002-01-31,DE,3.2183932857654094,stress,Dot-com bust
2002-02-28,DE,3.3382666345407963,stress,Dot-com bust
2002-03-31,DE,3.0791905622508517,stress,Dot-com bust
2002-04-30,DE,3.148087872044622,stress,Dot-com bust
2002-05-31,DE,3.157856682489576,stress,Dot-com bust
2002-06-30,DE,3.339679576472742,stress,Dot-com bust
2002-07-31,DE,3.745635567982352,stress,Dot-com bust
2002-08-31,DE,3.8111955714458663,stress,Dot-com bust
2002-09-30,DE,4.008020501271986,stress,Dot-com bust
2002-10-31,DE,4.157549307247385,stress,Dot-com bust
2002-11-30,DE,3.529220633658658,stress,Dot-com bust
2002-12-31,DE,3.5229603698687577,stress,Dot-com bust
2003-01-31,DE,3.351103172318071,buffer,
2003-02-28,DE,3.551107474094616,buffer,
2003-03-31,DE,3.53354666032543,buffer,
2003-04-30,DE,3.0120211169932345,tranquil,
2003-05-31,DE,2.694819547225275,tranquil,
2003-06-30,DE,2.653031949997402,tranquil,
2003-07-31,DE,2.461977544086995,tranquil,
2003-08-31,DE,2.4481232574523015,tranquil,
2003-09-30,DE,2.351694944775288,tranquil,
2003-10-31,DE,2.084997912120765,tranquil,
2003-11-30,DE,2.034178037551125,tranquil,
2003-12-31,DE,2.059681227032194,tranquil,
2004-01-31,DE,1.3902838254980998,tranquil,
2004-02-29,DE,1.4122136487631884,tranquil,
2004-03-31,DE,1.4931693111002484,tranquil,
2004-04-30,DE,0.934463131814408,tranquil,
2004-05-31,DE,1.0600904027047953,tranquil,
2004-06-30,DE,0.9544211037917908,tranquil,
2004-07-31,DE,0.8258107319947171,tranquil,
2004-08-31,DE,0.8913779210344802,tranquil,
2004-09-30,DE,0.6893897396943716,tranquil,
2004-10-31,DE,0.4822162899974843,tranquil,
2004-11-30,DE,0.3973909073865259,tranquil,
2004-12-31,DE,0.3897357469027239,tranquil,
2005-01-31,DE,0.2718146080830866,tranquil,
2005-02-28,DE,0.1224751978668051,tranquil,
2005-03-31,DE,0.2193783620556006,tranquil,
2005-04-30,DE,0.4838989415570964,tranquil,
2005-05-31,DE,0.5890660950680379,tranquil,
2005-06-30,DE,0.4007460109214059,tranquil,
2005-07-31,DE,0.1795947341364147,tranquil,
2005-08-31,DE,0.3285355875792094,tranquil,
2005-09-30,DE,0.2738752262004392,tranquil,
2005-10-31,DE,0.2120286169396983,tranquil,
2005-11-30,DE,-0.0108742194561556,tranquil,
2005-12-31,DE,0.0598920165612267,tranquil,
2006-01-31,DE,0.1746870656444817,tranquil,
2006-02-28,DE,0.1140116698683328,tranquil,
2006-03-31,DE,0.0992595044349571,tranquil,
2006-04-30,DE,-0.1437496832493047,tranquil,
2006-05-31,DE,-0.1054378884266604,tranquil,
2006-06-30,DE,0.1219370727581458,tranquil,
2006-07-31,DE,-0.1250145061833181,tranquil,
2006-08-31,DE,-0.2626798257225849,tranquil,
2006-09-30,DE,-0.3617970784015303,tranquil,
2006-10-31,DE,-0.6249692048325876,tranquil,
2006-11-30,DE,-0.6417643634205148,tranquil,
2006-12-31,DE,-0.6672241231893707,tranquil,
2007-01-31,DE,-0.9824557710705778,tranquil,
2007-02-28,DE,-0.9582568958010425,tranquil,
2007-03-31,DE,-0.7766191975873156,tranquil,
2007-04-30,DE,-0.8140136103320467,buffer,
2007-05-31,DE,-0.7559524919761774,buffer,
2007-06-30,DE,-0.6466511584892969,buffer,
2007-07-31,DE,-0.6052748759492367,stress,Global Financial Crisis
2007-08-31,DE,0.1345225078481786,stress,Global Financial Crisis
2007-09-30,DE,0.0337754993150654,stress,Global Financial Crisis
2007-10-31,DE,-0.1950954965342191,stress,Global Financial Crisis
2007-11-30,DE,0.4564778905616595,stress,Global Financial Crisis
2007-12-31,DE,0.3715304744080306,stress,Global Financial Crisis
2008-01-31,DE,0.1041773462901872,stress,Global Financial Crisis
2008-02-29,DE,0.1405076823452623,stress,Global Financial Crisis
2008-03-31,DE,0.4589544824144209,stress,Global Financial Crisis
2008-04-30,DE,0.0705657185558913,stress,Global Financial Crisis
2008-05-31,DE,-0.4578126610334847,stress,Global Financial Crisis
2008-06-30,DE,-0.1361844924513057,stress,Global Financial Crisis
2008-07-31,DE,0.370006133919132,stress,Global Financial Crisis
2008-08-31,DE,0.1755507481338069,stress,Global Financial Crisis
2008-09-30,DE,0.9967603476423644,stress,Global Financial Crisis
2008-10-31,DE,2.8438416510846034,stress,Global Financial Crisis
2008-11-30,DE,3.2374869739221035,stress,Global Financial Crisis
2008-12-31,DE,3.274673884293549,stress,Global Financial Crisis
2009-01-31,DE,3.6061780565627894,stress,Global Financial Crisis
2009-02-28,DE,3.7833420513631153,stress,Global Financial Crisis
2009-03-31,DE,3.77306143170548,stress,Global Financial Crisis
2009-04-30,DE,3.5809500039865783,stress,Global Financial Crisis
2009-05-31,DE,2.9333804662327863,stress,Global Financial Crisis
2009-06-30,DE,2.460909834620651,stress,Global Financial Crisis
2009-07-31,DE,2.006206441804324,buffer,
2009-08-31,DE,1.632526243987105,buffer,
2009-09-30,DE,1.4323349857707677,buffer,
2009-10-31,DE,1.007814883597859,buffer,
2009-11-30,DE,0.9585530137542594,buffer,
2009-12-31,DE,0.7727398473147445,buffer,
2010-01-31,DE,0.0990892998828391,stress,Euro-area sovereign stress
2010-02-28,DE,0.2169516196870952,stress,Euro-area sovereign stress
2010-03-31,DE,-0.149377281853008,stress,Euro-area sovereign stress
2010-04-30,DE,-0.7663950183762258,stress,Euro-area sovereign stress
2010-05-31,DE,0.1384325178235093,stress,Euro-area sovereign stress
2010-06-30,DE,0.1130310837021339,stress,Euro-area sovereign stress
2010-07-31,DE,-0.3467273589980404,stress,Euro-area sovereign stress
2010-08-31,DE,-0.5466423575068057,stress,Euro-area sovereign stress
2010-09-30,DE,-0.7441372928372446,stress,Euro-area sovereign stress
2010-10-31,DE,-1.1561165295122895,stress,Euro-area sovereign stress
2010-11-30,DE,-1.1730906139544872,stress,Euro-area sovereign stress
2010-12-31,DE,-1.2396613251341344,stress,Euro-area sovereign stress
2011-01-31,DE,-1.75243400251922,stress,Euro-area sovereign stress
2011-02-28,DE,-1.805480520273715,stress,Euro-area sovereign stress
2011-03-31,DE,-1.6397323205404035,stress,Euro-area sovereign stress
2011-04-30,DE,-1.6691054156588896,stress,Euro-area sovereign stress
2011-05-31,DE,-1.6580552482527908,stress,Euro-area sovereign stress
2011-06-30,DE,-1.48955668687066,stress,Euro-area sovereign stress
2011-07-31,DE,-1.5225726100952135,stress,Euro-area sovereign stress
2011-08-31,DE,-0.4987480203713535,stress,Euro-area sovereign stress
2011-09-30,DE,-0.3813232442802664,stress,Euro-area sovereign stress
2011-10-31,DE,-0.3227434495373673,stress,Euro-area sovereign stress
2011-11-30,DE,-0.3640513970333163,stress,Euro-area sovereign stress
2011-12-31,DE,-0.5803234419577413,stress,Euro-area sovereign stress
2012-01-31,DE,-0.7376413553674486,stress,Euro-area sovereign stress
2012-02-29,DE,-1.0587395261284964,stress,Euro-area sovereign stress
2012-03-31,DE,-1.3270527948403956,stress,Euro-area sovereign stress
2012-04-30,DE,-1.309637785538861,stress,Euro-area sovereign stress
2012-05-31,DE,-1.0602236595878023,stress,Euro-area sovereign stress
2012-06-30,DE,-1.0722734605839086,stress,Euro-area sovereign stress
2012-07-31,DE,-1.0800191692274803,stress,Euro-area sovereign stress
2012-08-31,DE,-1.2714197131431717,stress,Euro-area sovereign stress
2012-09-30,DE,-1.4371216675446132,stress,Euro-area sovereign stress
2012-10-31,DE,-1.4107218073789172,stress,Euro-area sovereign stress
2012-11-30,DE,-1.4278945268071448,stress,Euro-area sovereign stress
2012-12-31,DE,-1.4380950817669766,stress,Euro-area sovereign stress
2013-01-31,DE,-1.4212516273427582,buffer,
2013-02-28,DE,-1.3366637320594543,buffer,
2013-03-31,DE,-1.4829344721405546,buffer,
2013-04-30,DE,-1.4300410547100837,tranquil,
2013-05-31,DE,-1.5012414793197106,tranquil,
2013-06-30,DE,-1.2125399791236888,tranquil,
2013-07-31,DE,-1.3529822623204224,tranquil,
2013-08-31,DE,-1.4050003372277986,tranquil,
2013-09-30,DE,-1.3752729413094082,tranquil,
2013-10-31,DE,-1.3708611584597,tranquil,
2013-11-30,DE,-1.540531573856024,tranquil,
2013-12-31,DE,-1.5530655879273585,tranquil,
2014-01-31,DE,-1.636723265681274,tranquil,
2014-02-28,DE,-1.615209803968339,tranquil,
2014-03-31,DE,-1.6872358314791278,tranquil,
2014-04-30,DE,-1.7360570495792282,tranquil,
2014-05-31,DE,-1.8717145659497645,tranquil,
2014-06-30,DE,-1.8983624921960112,tranquil,
2014-07-31,DE,-2.028405801457293,tranquil,
2014-08-31,DE,-1.90824977841585,tranquil,
2014-09-30,DE,-1.925891532227323,tranquil,
2014-10-31,DE,-2.238330406974279,tranquil,
2014-11-30,DE,-2.4829030531504346,tranquil,
2014-12-31,DE,-2.38089231341609,tranquil,
2015-01-31,DE,-2.1106871940821477,tranquil,
2015-02-28,DE,-2.239993544737401,tranquil,
2015-03-31,DE,-2.3555638829645456,buffer,
2015-04-30,DE,-2.41047017820438,buffer,
2015-05-31,DE,-2.4461801490866657,buffer,
2015-06-30,DE,-2.372022527543045,stress,China/commodity/EM stress
2015-07-31,DE,-2.282587721001361,stress,China/commodity/EM stress
2015-08-31,DE,-2.01863999483336,stress,China/commodity/EM stress
2015-09-30,DE,-1.6959311781417048,stress,China/commodity/EM stress
2015-10-31,DE,-2.182630937206828,stress,China/commodity/EM stress
2015-11-30,DE,-2.2427754938691393,stress,China/commodity/EM stress
2015-12-31,DE,-2.090947761666257,stress,China/commodity/EM stress
2016-01-31,DE,-1.743103565575037,stress,China/commodity/EM stress
2016-02-29,DE,-1.7730921221102969,stress,China/commodity/EM stress
2016-03-31,DE,-2.2143765508682764,stress,China/commodity/EM stress
2016-04-30,DE,-2.369770039278609,buffer,
2016-05-31,DE,-2.3674237251881753,buffer,
2016-06-30,DE,-2.287043252400954,buffer,
2016-07-31,DE,-2.5014355576242844,tranquil,
2016-08-31,DE,-2.5363499393215547,tranquil,
2016-09-30,DE,-2.475812574979309,tranquil,
2016-10-31,DE,-2.348032430794434,tranquil,
2016-11-30,DE,-2.3710424400116015,tranquil,
2016-12-31,DE,-2.5554380044691243,tranquil,
2017-01-31,DE,-2.3915072830920567,tranquil,
2017-02-28,DE,-2.333328275068119,tranquil,
2017-03-31,DE,-2.3964741679374244,tranquil,
2017-04-30,DE,-2.2752622096615687,tranquil,
2017-05-31,DE,-2.5104998940853194,tranquil,
2017-06-30,DE,-2.5706818649414247,tranquil,
2017-07-31,DE,-2.608882688113062,tranquil,
2017-08-31,DE,-2.5150689820889816,tranquil,
2017-09-30,DE,-2.642560203502596,tranquil,
2017-10-31,DE,-2.674016736084889,tranquil,
2017-11-30,DE,-2.739314211762366,tranquil,
2017-12-31,DE,-2.670280219624968,tranquil,
2018-01-31,DE,-2.57062985209463,tranquil,
2018-02-28,DE,-1.910468995392841,tranquil,
2018-03-31,DE,-2.0604851874034225,tranquil,
2018-04-30,DE,-1.95001281317682,tranquil,
2018-05-31,DE,-2.2218255374720335,tranquil,
2018-06-30,DE,-2.2134952898938027,tranquil,
2018-07-31,DE,-2.0933088171234293,tranquil,
2018-08-31,DE,-2.1346068308099477,tranquil,
2018-09-30,DE,-2.162864786061391,tranquil,
2018-10-31,DE,-1.752670981146409,tranquil,
2018-11-30,DE,-1.6435191914741245,tranquil,
2018-12-31,DE,-1.281081112835023,tranquil,
2019-01-31,DE,-1.5107955878542907,tranquil,
2019-02-28,DE,-1.862868196568897,tranquil,
2019-03-31,DE,-1.9536676149122656,tranquil,
2019-04-30,DE,-1.816518240435892,tranquil,
2019-05-31,DE,-1.5820643267717551,tranquil,
2019-06-30,DE,-1.6352438179781783,tranquil,
2019-07-31,DE,-1.8816347068503585,tranquil,
2019-08-31,DE,-1.5567663507510645,tranquil,
2019-09-30,DE,-1.751297866511789,tranquil,
2019-10-31,DE,-1.7036033175159364,tranquil,
2019-11-30,DE,-1.8522363848840124,buffer,
2019-12-31,DE,-1.8256916220114296,buffer,
2020-01-31,DE,-1.4582705365075024,buffer,
2020-02-29,DE,-1.1756046825016002,stress,COVID-19 shock
2020-03-31,DE,0.7384856918384176,stress,COVID-19 shock
2020-04-30,DE,1.5889371842431983,stress,COVID-19 shock
2020-05-31,DE,0.784169708891369,stress,COVID-19 shock
2020-06-30,DE,0.6937972130122323,stress,COVID-19 shock
2020-07-31,DE,0.1165320332346693,buffer,
2020-08-31,DE,-0.1200741069633771,buffer,
2020-09-30,DE,0.0844519427630255,buffer,
2020-10-31,DE,0.1716926678344822,tranquil,
2020-11-30,DE,-0.0442179306981427,tranquil,
2020-12-31,DE,-0.2481764287661974,tranquil,
2021-01-31,DE,0.2101315822813731,tranquil,
2021-02-28,DE,0.1093533184680516,tranquil,
2021-03-31,DE,0.0054971734774909,tranquil,
2021-04-30,DE,-1.501161435208742,tranquil,
2021-05-31,DE,-1.389160705170041,tranquil,
2021-06-30,DE,-1.6003585901266792,tranquil,
2021-07-31,DE,-1.326943472528534,tranquil,
2021-08-31,DE,-1.3547856807785197,tranquil,
2021-09-30,DE,-1.2220038772965922,tranquil,
2021-10-31,DE,-1.2448224659084617,buffer,
2021-11-30,DE,-1.1809118109212058,buffer,
2021-12-31,DE,-1.0872532485027355,buffer,
2022-01-31,DE,-1.1642747595355116,stress,Inflation/tightening stress
2001-01-31,ES,2.0598603613011264,stress,Dot-com bust
2001-02-28,ES,1.8741972935395037,stress,Dot-com bust
2001-03-31,ES,2.1316032913659866,stress,Dot-com bust
2001-04-30,ES,2.125898360688513,stress,Dot-com bust
2001-05-31,ES,1.8235156130089236,stress,Dot-com bust
2001-06-30,ES,1.795171406401308,stress,Dot-com bust
2001-07-31,ES,2.3342463278781733,stress,Dot-com bust
2001-08-31,ES,2.3474023288104413,stress,Dot-com bust
2001-09-30,ES,2.230787356370279,stress,Dot-com bust
2001-10-31,ES,1.9443845576380432,stress,Dot-com bust
2001-11-30,ES,1.9142711704203932,stress,Dot-com bust
2001-12-31,ES,1.806558637757058,stress,Dot-com bust
2002-01-31,ES,1.7620014069570749,stress,Dot-com bust
2002-02-28,ES,1.7094303464186291,stress,Dot-com bust
2002-03-31,ES,1.7599823331697604,stress,Dot-com bust
2002-04-30,ES,2.326264749166171,stress,Dot-com bust
2002-05-31,ES,2.3887343130773933,stress,Dot-com bust
2002-06-30,ES,2.2379270719773623,stress,Dot-com bust
2002-07-31,ES,2.0008674520458913,stress,Dot-com bust
2002-08-31,ES,2.133415110908538,stress,Dot-com bust
2002-09-30,ES,1.9848314787847412,stress,Dot-com bust
2002-10-31,ES,2.239074415250579,stress,Dot-com bust
2002-11-30,ES,2.2665101951312785,stress,Dot-com bust
2002-12-31,ES,2.416753489080459,stress,Dot-com bust
2003-01-31,ES,2.3038097257958867,buffer,
2003-02-28,ES,1.976086602850164,buffer,
2003-03-31,ES,1.935036449715019,buffer,
2003-04-30,ES,1.521474406464522,tranquil,
2003-05-31,ES,1.916915386952857,tranquil,
2003-06-30,ES,2.065701691188945,tranquil,
2003-07-31,ES,2.0193642429095524,tranquil,
2003-08-31,ES,2.190159507979584,tranquil,
2003-09-30,ES,2.0560674497766005,tranquil,
2003-10-31,ES,2.3398732230412413,tranquil,
2003-11-30,ES,2.3033212853495475,tranquil,
2003-12-31,ES,2.3367047288522955,tranquil,
2004-01-31,ES,2.1463438471034664,tranquil,
2004-02-29,ES,2.066920521943267,tranquil,
2004-03-31,ES,2.0591150894530226,tranquil,
2004-04-30,ES,2.0069703870533977,tranquil,
2004-05-31,ES,2.0177014231794588,tranquil,
2004-06-30,ES,2.0259600938586337,tranquil,
2004-07-31,ES,1.906831176334837,tranquil,
2004-08-31,ES,2.1116260991094737,tranquil,
2004-09-30,ES,2.085197169680997,tranquil,
2004-10-31,ES,1.9903775239538477,tranquil,
2004-11-30,ES,2.097534897502345,tranquil,
2004-12-31,ES,2.301258077632262,tranquil,
2005-01-31,ES,2.31070896748331,tranquil,
2005-02-28,ES,2.2439743156872796,tranquil,
2005-03-31,ES,2.2869187304168106,tranquil,
2005-04-30,ES,2.1442988062276727,tranquil,
2005-05-31,ES,2.2680845670363654,tranquil,
2005-06-30,ES,2.263716527253289,tranquil,
2005-07-31,ES,2.18406220859686,tranquil,
2005-08-31,ES,2.1978872581193607,tranquil,
2005-09-30,ES,2.1573416466739044,tranquil,
2005-10-31,ES,2.0508204268997297,tranquil,
2005-11-30,ES,2.026707700181104,tranquil,
2005-12-31,ES,2.157437119719437,tranquil,
2006-01-31,ES,2.207637250221619,tranquil,
2006-02-28,ES,2.2782778350175477,tranquil,
2006-03-31,ES,2.1863973466671363,tranquil,
2006-04-30,ES,2.7313729371308604,tranquil,
2006-05-31,ES,2.6879449076034225,tranquil,
2006-06-30,ES,2.853722947619028,tranquil,
2006-07-31,ES,2.9492831943265245,tranquil,
2006-08-31,ES,2.979651860458076,tranquil,
2006-09-30,ES,3.046790407133631,tranquil,
2006-10-31,ES,3.275059445437194,tranquil,
2006-11-30,ES,3.244528271402919,tranquil,
2006-12-31,ES,3.316103416786405,tranquil,
2007-01-31,ES,3.183811709266211,tranquil,
2007-02-28,ES,3.17412401224591,tranquil,
2007-03-31,ES,3.287738824549068,tranquil,
2007-04-30,ES,3.195164985625742,buffer,
2007-05-31,ES,3.2573254442336768,buffer,
2007-06-30,ES,3.3002386037489777,buffer,
2007-07-31,ES,3.3535735540334835,stress,Global Financial Crisis
2007-08-31,ES,3.819647665333648,stress,Global Financial Crisis
2007-09-30,ES,3.6955047181080154,stress,Global Financial Crisis
2007-10-31,ES,3.44907207434559,stress,Global Financial Crisis
2007-11-30,ES,3.810352658548675,stress,Global Financial Crisis
2007-12-31,ES,3.8316432376071945,stress,Global Financial Crisis
2008-01-31,ES,3.266394178203425,stress,Global Financial Crisis
2008-02-29,ES,3.197631574396781,stress,Global Financial Crisis
2008-03-31,ES,3.5571471625656477,stress,Global Financial Crisis
2008-04-30,ES,3.07070974440301,stress,Global Financial Crisis
2008-05-31,ES,2.7869899215452505,stress,Global Financial Crisis
2008-06-30,ES,2.7029263034940074,stress,Global Financial Crisis
2008-07-31,ES,2.213446274691425,stress,Global Financial Crisis
2008-08-31,ES,2.0975010070296833,stress,Global Financial Crisis
2008-09-30,ES,2.5221266547396572,stress,Global Financial Crisis
2008-10-31,ES,2.4291089895513465,stress,Global Financial Crisis
2008-11-30,ES,2.37244068475295,stress,Global Financial Crisis
2008-12-31,ES,2.2039859206920065,stress,Global Financial Crisis
2009-01-31,ES,0.991310391207766,stress,Global Financial Crisis
2009-02-28,ES,0.7415432762290313,stress,Global Financial Crisis
2009-03-31,ES,0.7301975908296816,stress,Global Financial Crisis
2009-04-30,ES,0.6225723861223963,stress,Global Financial Crisis
2009-05-31,ES,0.2944526486295754,stress,Global Financial Crisis
2009-06-30,ES,0.039632196761284,stress,Global Financial Crisis
2009-07-31,ES,0.2236011349470282,buffer,
2009-08-31,ES,0.0641736077806685,buffer,
2009-09-30,ES,-0.1163392796103997,buffer,
2009-10-31,ES,-0.0453529307719845,buffer,
2009-11-30,ES,-0.0906760955988104,buffer,
2009-12-31,ES,-0.1490609998857607,buffer,
2010-01-31,ES,-0.3561417183418335,stress,Euro-area sovereign stress
2010-02-28,ES,-0.2701979578485972,stress,Euro-area sovereign stress
2010-03-31,ES,-0.3117392530807513,stress,Euro-area sovereign stress
2010-04-30,ES,-0.7666322327931677,stress,Euro-area sovereign stress
2010-05-31,ES,-0.6009754770005725,stress,Euro-area sovereign stress
2010-06-30,ES,-0.5514930471327822,stress,Euro-area sovereign stress
2010-07-31,ES,-0.5947047768610844,stress,Euro-area sovereign stress
2010-08-31,ES,-0.7185802731762101,stress,Euro-area sovereign stress
2010-09-30,ES,-0.7001457730272272,stress,Euro-area sovereign stress
2010-10-31,ES,-0.720112993154856,stress,Euro-area sovereign stress
2010-11-30,ES,-0.9666817045826592,stress,Euro-area sovereign stress
2010-12-31,ES,-1.0579028110877675,stress,Euro-area sovereign stress
2011-01-31,ES,-0.9801351059562152,stress,Euro-area sovereign stress
2011-02-28,ES,-0.8126170574289224,stress,Euro-area sovereign stress
2011-03-31,ES,-0.8554569414566627,stress,Euro-area sovereign stress
2011-04-30,ES,-0.90367704398035,stress,Euro-area sovereign stress
2011-05-31,ES,-0.7298362290311452,stress,Euro-area sovereign stress
2011-06-30,ES,-0.8377711933378016,stress,Euro-area sovereign stress
2011-07-31,ES,-1.6856437252066854,stress,Euro-area sovereign stress
2011-08-31,ES,-1.310647538237737,stress,Euro-area sovereign stress
2011-09-30,ES,-1.2729607169606512,stress,Euro-area sovereign stress
2011-10-31,ES,-1.422926713320125,stress,Euro-area sovereign stress
2011-11-30,ES,-1.7785382738640814,stress,Euro-area sovereign stress
2011-12-31,ES,-1.573800146976841,stress,Euro-area sovereign stress
2012-01-31,ES,-1.9551932108836,stress,Euro-area sovereign stress
2012-02-29,ES,-2.1051733439952427,stress,Euro-area sovereign stress
2012-03-31,ES,-2.3054025007322645,stress,Euro-area sovereign stress
2012-04-30,ES,-2.7562599703995443,stress,Euro-area sovereign stress
2012-05-31,ES,-2.748486187699555,stress,Euro-area sovereign stress
2012-06-30,ES,-2.835241908121036,stress,Euro-area sovereign stress
2012-07-31,ES,-2.5382920243347167,stress,Euro-area sovereign stress
2012-08-31,ES,-2.6196453866159617,stress,Euro-area sovereign stress
2012-09-30,ES,-2.8246419260923874,stress,Euro-area sovereign stress
2012-10-31,ES,-2.9340320399173594,stress,Euro-area sovereign stress
2012-11-30,ES,-2.898959388540235,stress,Euro-area sovereign stress
2012-12-31,ES,-2.932681761052731,stress,Euro-area sovereign stress
2013-01-31,ES,-3.2250503647924313,buffer,
2013-02-28,ES,-3.1398959016766717,buffer,
2013-03-31,ES,-3.405868749231906,buffer,
2013-04-30,ES,-2.9548886195178983,tranquil,
2013-05-31,ES,-2.799968484209615,tranquil,
2013-06-30,ES,-2.856068320411081,tranquil,
2013-07-31,ES,-2.7581304306257404,tranquil,
2013-08-31,ES,-2.7200452043092547,tranquil,
2013-09-30,ES,-2.873125021534386,tranquil,
2013-10-31,ES,-2.7657811562109194,tranquil,
2013-11-30,ES,-2.584554755019638,tranquil,
2013-12-31,ES,-2.6371085345319902,tranquil,
2014-01-31,ES,-2.441641980283291,tranquil,
2014-02-28,ES,-2.363351867009946,tranquil,
2014-03-31,ES,-2.2042593734217015,tranquil,
2014-04-30,ES,-2.2128167958829623,tranquil,
2014-05-31,ES,-2.242549740848073,tranquil,
2014-06-30,ES,-2.2016668476780175,tranquil,
2014-07-31,ES,-2.405493004742534,tranquil,
2014-08-31,ES,-2.4038365159289956,tranquil,
2014-09-30,ES,-2.411450063596938,tranquil,
2014-10-31,ES,-2.513629178524237,tranquil,
2014-11-30,ES,-2.607298868809009,tranquil,
2014-12-31,ES,-2.5296922744770787,tranquil,
2015-01-31,ES,-2.556221839968302,tranquil,
2015-02-28,ES,-2.4636389839053394,tranquil,
2015-03-31,ES,-2.357823589052272,buffer,
2015-04-30,ES,-2.525681753921412,buffer,
2015-05-31,ES,-2.3690665474607497,buffer,
2015-06-30,ES,-2.4996141003756387,stress,China/commodity/EM stress
2015-07-31,ES,-2.245993685790598,stress,China/commodity/EM stress
2015-08-31,ES,-2.166409077980869,stress,China/commodity/EM stress
2015-09-30,ES,-2.119590128531441,stress,China/commodity/EM stress
2015-10-31,ES,-2.1896129645945,stress,China/commodity/EM stress
2015-11-30,ES,-2.1001945468645196,stress,China/commodity/EM stress
2015-12-31,ES,-2.163562294870153,stress,China/commodity/EM stress
2016-01-31,ES,-1.859584609669395,stress,China/commodity/EM stress
2016-02-29,ES,-1.7740390192063715,stress,China/commodity/EM stress
2016-03-31,ES,-1.6065525258603732,stress,China/commodity/EM stress
2016-04-30,ES,-1.9938143138655304,buffer,
2016-05-31,ES,-1.921106532014078,buffer,
2016-06-30,ES,-2.124825554285571,buffer,
2016-07-31,ES,-1.917258823541397,tranquil,
2016-08-31,ES,-1.6304084197798403,tranquil,
2016-09-30,ES,-1.637981991031379,tranquil,
2016-10-31,ES,-1.774972632906626,tranquil,
2016-11-30,ES,-2.048811501553113,tranquil,
2016-12-31,ES,-1.9030178284319208,tranquil,
2017-01-31,ES,-2.0061703276955796,tranquil,
2017-02-28,ES,-1.8307603810148845,tranquil,
2017-03-31,ES,-1.929263174868462,tranquil,
2017-04-30,ES,-1.6456525724122828,tranquil,
2017-05-31,ES,-1.4516257036619131,tranquil,
2017-06-30,ES,-1.5620319684393995,tranquil,
2017-07-31,ES,-1.401326331921284,tranquil,
2017-08-31,ES,-1.271303702338657,tranquil,
2017-09-30,ES,-1.386339851447031,tranquil,
2017-10-31,ES,-1.7194978240487704,tranquil,
2017-11-30,ES,-1.449131454860764,tranquil,
2017-12-31,ES,-1.261472627496795,tranquil,
2018-01-31,ES,-1.2360369815229495,tranquil,
2018-02-28,ES,-1.0035408006055258,tranquil,
2018-03-31,ES,-0.965547059650092,tranquil,
2018-04-30,ES,-1.062144201152912,tranquil,
2018-05-31,ES,-1.3687742532568177,tranquil,
2018-06-30,ES,-1.2712078178791222,tranquil,
2018-07-31,ES,-1.306952377883113,tranquil,
2018-08-31,ES,-1.2730032851652595,tranquil,
2018-09-30,ES,-1.2723547725497275,tranquil,
2018-10-31,ES,-1.40036957872928,tranquil,
2018-11-30,ES,-1.392666584214945,tranquil,
2018-12-31,ES,-1.1586480690350938,tranquil,
2019-01-31,ES,-1.2780974803134415,tranquil,
2019-02-28,ES,-1.3059289072560614,tranquil,
2019-03-31,ES,-1.4081375089486192,tranquil,
2019-04-30,ES,-1.3102638958514363,tranquil,
2019-05-31,ES,-1.0620593974460288,tranquil,
2019-06-30,ES,-1.1956572439932964,tranquil,
2019-07-31,ES,-1.245312072175414,tranquil,
2019-08-31,ES,-1.225885408960031,tranquil,
2019-09-30,ES,-1.4493351524187224,tranquil,
2019-10-31,ES,-1.1965200695889378,tranquil,
2019-11-30,ES,-1.2322627616349835,buffer,
2019-12-31,ES,-1.187265716516699,buffer,
2020-01-31,ES,-1.4126160204095832,buffer,
2020-02-29,ES,-1.3433099906952408,stress,COVID-19 shock
2020-03-31,ES,-1.063032364470888,stress,COVID-19 shock
2020-04-30,ES,-0.923371404220307,stress,COVID-19 shock
2020-05-31,ES,-1.4014134507227654,stress,COVID-19 shock
2020-06-30,ES,-1.4692539850820372,stress,COVID-19 shock
2020-07-31,ES,-1.2423997290938118,buffer,
2020-08-31,ES,-1.3548264574090765,buffer,
2020-09-30,ES,-1.4133157140944614,buffer,
2020-10-31,ES,-1.1426571933102143,tranquil,
2020-11-30,ES,-1.098473342007897,tranquil,
2020-12-31,ES,-1.2025553772703097,tranquil,
2021-01-31,ES,-0.7514013474815759,tranquil,
2021-02-28,ES,-0.7373088112958347,tranquil,
2021-03-31,ES,-0.6962008919369795,tranquil,
2021-04-30,ES,-0.2315990724503352,tranquil,
2021-05-31,ES,-0.1783020100585133,tranquil,
2021-06-30,ES,-0.2063568223422583,tranquil,
2021-07-31,ES,-0.5914791824258464,tranquil,
2021-08-31,ES,-0.4560491792023734,tranquil,
2021-09-30,ES,-0.4275319370921633,tranquil,
2021-10-31,ES,-0.5625260318403646,buffer,
2021-11-30,ES,-0.5436708295250356,buffer,
2021-12-31,ES,-0.3897358889852529,buffer,
2022-01-31,ES,-0.524209977937685,stress,Inflation/tightening stress
1999-01-31,UK,0.2986868999272042,tranquil,
1999-02-28,UK,0.2176967257401623,tranquil,
1999-03-31,UK,-0.0921974538580262,tranquil,
1999-04-30,UK,0.0020531597162553,tranquil,
1999-05-31,UK,0.0295124621451762,tranquil,
1999-06-30,UK,-0.04750543484152,tranquil,
1999-07-31,UK,-0.3019561892639897,tranquil,
1999-08-31,UK,-0.0221876712311984,tranquil,
1999-09-30,UK,0.1191790025978542,tranquil,
1999-10-31,UK,0.3213377204147553,buffer,
1999-11-30,UK,-0.0391373369703624,buffer,
1999-12-31,UK,-0.1037619059071451,buffer,
2000-01-31,UK,-0.2887780123889829,stress,Dot-com bust
2000-02-29,UK,-0.3724113043114729,stress,Dot-com bust
2000-03-31,UK,-0.3923042022111381,stress,Dot-com bust
2000-04-30,UK,0.263189172933163,stress,Dot-com bust
2000-05-31,UK,0.5208677322623212,stress,Dot-com bust
2000-06-30,UK,0.312956297820808,stress,Dot-com bust
2000-07-31,UK,0.2896136978663692,stress,Dot-com bust
2000-08-31,UK,0.0194128170607409,stress,Dot-com bust
2000-09-30,UK,0.1780401138412126,stress,Dot-com bust
2000-10-31,UK,0.6931495828663716,stress,Dot-com bust
2000-11-30,UK,0.754460853411785,stress,Dot-com bust
2000-12-31,UK,1.0117569883113606,stress,Dot-com bust
2001-01-31,UK,0.8768417340109916,stress,Dot-com bust
2001-02-28,UK,0.6001856206475746,stress,Dot-com bust
2001-03-31,UK,0.9993159526983684,stress,Dot-com bust
2001-04-30,UK,1.1443735538444595,stress,Dot-com bust
2001-05-31,UK,0.4395658026201404,stress,Dot-com bust
2001-06-30,UK,0.1508292440528807,stress,Dot-com bust
2001-07-31,UK,0.0796847904355771,stress,Dot-com bust
2001-08-31,UK,0.0154932620829518,stress,Dot-com bust
2001-09-30,UK,1.1697342609788195,stress,Dot-com bust
2001-10-31,UK,1.162234312425379,stress,Dot-com bust
2001-11-30,UK,0.6932550231884101,stress,Dot-com bust
2001-12-31,UK,0.4412633604510963,stress,Dot-com bust
2002-01-31,UK,0.2956542877798419,stress,Dot-com bust
2002-02-28,UK,0.463138171229667,stress,Dot-com bust
2002-03-31,UK,0.123431768895197,stress,Dot-com bust
2002-04-30,UK,0.0323444466642658,stress,Dot-com bust
2002-05-31,UK,0.0653301780142552,stress,Dot-com bust
2002-06-30,UK,0.3227024891773792,stress,Dot-com bust
2002-07-31,UK,1.245171895640948,stress,Dot-com bust
2002-08-31,UK,1.4013095910034234,stress,Dot-com bust
2002-09-30,UK,1.640938808158919,stress,Dot-com bust
2002-10-31,UK,1.3858971877494115,stress,Dot-com bust
2002-11-30,UK,0.5879710127925772,stress,Dot-com bust
2002-12-31,UK,0.4251314195349436,stress,Dot-com bust
2003-01-31,UK,0.0993810111681284,buffer,
2003-02-28,UK,0.3628297810165246,buffer,
2003-03-31,UK,0.140838711962059,buffer,
2003-04-30,UK,-0.3119835403693707,tranquil,
2003-05-31,UK,-0.5486020663468624,tranquil,
2003-06-30,UK,-0.5746436142516845,tranquil,
2003-07-31,UK,-0.5789843953321994,tranquil,
2003-08-31,UK,-0.6027146282303958,tranquil,
2003-09-30,UK,-0.5788417122912414,tranquil,
2003-10-31,UK,-0.7545487879853108,tranquil,
2003-11-30,UK,-0.8274859799213975,tranquil,
2003-12-31,UK,-0.8853150260510307,tranquil,
2004-01-31,UK,-0.9541323794926592,tranquil,
2004-02-29,UK,-0.9887235423308448,tranquil,
2004-03-31,UK,-0.8756088758930521,tranquil,
2004-04-30,UK,-0.9599369195711588,tranquil,
2004-05-31,UK,-0.7730175265667465,tranquil,
2004-06-30,UK,-0.9086031559331212,tranquil,
2004-07-31,UK,-0.7260486933565868,tranquil,
2004-08-31,UK,-0.6660194183426819,tranquil,
2004-09-30,UK,-0.8855676963022782,tranquil,
2004-10-31,UK,-0.6698340766863834,tranquil,
2004-11-30,UK,-0.8934101419075442,tranquil,
2004-12-31,UK,-0.8806248556144753,tranquil,
2005-01-31,UK,-0.6932628784674172,tranquil,
2005-02-28,UK,-0.8849448504021161,tranquil,
2005-03-31,UK,-0.7898674467448976,tranquil,
2005-04-30,UK,-0.3732941189948515,tranquil,
2005-05-31,UK,-0.2978221045985516,tranquil,
2005-06-30,UK,-0.5185897935393078,tranquil,
2005-07-31,UK,-0.5696353066012202,tranquil,
2005-08-31,UK,-0.4862129858476995,tranquil,
2005-09-30,UK,-0.4327310631020565,tranquil,
2005-10-31,UK,-0.1678643705885944,tranquil,
2005-11-30,UK,-0.3552735580137511,tranquil,
2005-12-31,UK,-0.2492171242754165,tranquil,
2006-01-31,UK,-0.4870907281450763,tranquil,
2006-02-28,UK,-0.5413643268257466,tranquil,
2006-03-31,UK,-0.5181909562522704,tranquil,
2006-04-30,UK,-0.4328965243700862,tranquil,
2006-05-31,UK,-0.2788703540240146,tranquil,
2006-06-30,UK,0.046375013783285,tranquil,
2006-07-31,UK,0.0952002519076555,tranquil,
2006-08-31,UK,-0.1165627255294136,tranquil,
2006-09-30,UK,-0.1206133646330333,tranquil,
2006-10-31,UK,-0.3159630905309592,tranquil,
2006-11-30,UK,-0.4024825605169198,tranquil,
2006-12-31,UK,-0.3202974740900364,tranquil,
2007-01-31,UK,-0.5280115635778319,tranquil,
2007-02-28,UK,-0.5588808859318098,tranquil,
2007-03-31,UK,-0.1631107769227967,tranquil,
2007-04-30,UK,-0.2833514159045961,buffer,
2007-05-31,UK,-0.1465528518397836,buffer,
2007-06-30,UK,0.0824788282350817,buffer,
2007-07-31,UK,0.2377139779197845,stress,Global Financial Crisis
2007-08-31,UK,1.6059507376014797,stress,Global Financial Crisis
2007-09-30,UK,1.676080936314508,stress,Global Financial Crisis
2007-10-31,UK,1.264909392503833,stress,Global Financial Crisis
2007-11-30,UK,2.274562103063926,stress,Global Financial Crisis
2007-12-31,UK,2.437639086689319,stress,Global Financial Crisis
2008-01-31,UK,2.303081608115084,stress,Global Financial Crisis
2008-02-29,UK,2.2315453759032216,stress,Global Financial Crisis
2008-03-31,UK,3.0687883453288216,stress,Global Financial Crisis
2008-04-30,UK,2.899738245015274,stress,Global Financial Crisis
2008-05-31,UK,2.0282145303402896,stress,Global Financial Crisis
2008-06-30,UK,2.272865837480357,stress,Global Financial Crisis
2008-07-31,UK,3.4763921826902187,stress,Global Financial Crisis
2008-08-31,UK,3.2747393190601297,stress,Global Financial Crisis
2008-09-30,UK,5.154285299507442,stress,Global Financial Crisis
2008-10-31,UK,8.10831820782221,stress,Global Financial Crisis
2008-11-30,UK,8.115701861443817,stress,Global Financial Crisis
2008-12-31,UK,8.011662549635425,stress,Global Financial Crisis
2009-01-31,UK,7.397778507301789,stress,Global Financial Crisis
2009-02-28,UK,7.178350465435854,stress,Global Financial Crisis
2009-03-31,UK,7.442912003993854,stress,Global Financial Crisis
2009-04-30,UK,6.453374731080001,stress,Global Financial Crisis
2009-05-31,UK,5.057357995639474,stress,Global Financial Crisis
2009-06-30,UK,4.076105370941194,stress,Global Financial Crisis
2009-07-31,UK,3.2572509613295204,buffer,
2009-08-31,UK,2.7730465076063693,buffer,
2009-09-30,UK,2.5609493534679664,buffer,
2009-10-31,UK,1.6832330446481,buffer,
2009-11-30,UK,1.5917229224240752,buffer,
2009-12-31,UK,1.2682576827535883,buffer,
2010-01-31,UK,0.5113893203972296,stress,Euro-area sovereign stress
2010-02-28,UK,0.6974377818036394,stress,Euro-area sovereign stress
2010-03-31,UK,0.1983074729857825,stress,Euro-area sovereign stress
2010-04-30,UK,-0.1593862939276689,stress,Euro-area sovereign stress
2010-05-31,UK,1.195629846594259,stress,Euro-area sovereign stress
2010-06-30,UK,1.2956394004381235,stress,Euro-area sovereign stress
2010-07-31,UK,0.7223022553016137,stress,Euro-area sovereign stress
2010-08-31,UK,0.4682360347755906,stress,Euro-area sovereign stress
2010-09-30,UK,0.2740434277550351,stress,Euro-area sovereign stress
2010-10-31,UK,0.0031099126586142,stress,Euro-area sovereign stress
2010-11-30,UK,-0.0292880725105725,stress,Euro-area sovereign stress
2010-12-31,UK,-0.1755745567462879,stress,Euro-area sovereign stress
2011-01-31,UK,-0.2817617585770845,stress,Euro-area sovereign stress
2011-02-28,UK,-0.2601615759740218,stress,Euro-area sovereign stress
2011-03-31,UK,-0.0415344052665307,stress,Euro-area sovereign stress
2011-04-30,UK,-0.2582880672803142,stress,Euro-area sovereign stress
2011-05-31,UK,-0.1661981656834757,stress,Euro-area sovereign stress
2011-06-30,UK,0.0427266321169329,stress,Euro-area sovereign stress
2011-07-31,UK,0.1665727636732299,stress,Euro-area sovereign stress
2011-08-31,UK,1.6287866462322178,stress,Euro-area sovereign stress
2011-09-30,UK,1.9471065304423407,stress,Euro-area sovereign stress
2011-10-31,UK,1.6118533406398352,stress,Euro-area sovereign stress
2011-11-30,UK,1.5561080052595977,stress,Euro-area sovereign stress
2011-12-31,UK,1.264477719671406,stress,Euro-area sovereign stress
2012-01-31,UK,0.825669527831774,stress,Euro-area sovereign stress
2012-02-29,UK,0.3787865905488823,stress,Euro-area sovereign stress
2012-03-31,UK,0.0934864812623323,stress,Euro-area sovereign stress
2012-04-30,UK,0.2738199512828548,stress,Euro-area sovereign stress
2012-05-31,UK,0.4474020402149528,stress,Euro-area sovereign stress
2012-06-30,UK,0.5768539523656182,stress,Euro-area sovereign stress
2012-07-31,UK,0.0474337578111856,stress,Euro-area sovereign stress
2012-08-31,UK,-0.1694743725472196,stress,Euro-area sovereign stress
2012-09-30,UK,-0.4108394170511817,stress,Euro-area sovereign stress
2012-10-31,UK,-0.6470269672154167,stress,Euro-area sovereign stress
2012-11-30,UK,-0.6374505636977605,stress,Euro-area sovereign stress
2012-12-31,UK,-0.541308968939742,stress,Euro-area sovereign stress
2013-01-31,UK,-0.7557848127241459,buffer,
2013-02-28,UK,-0.6480819140754767,buffer,
2013-03-31,UK,-0.7296041443725957,buffer,
2013-04-30,UK,-0.7332616285292098,tranquil,
2013-05-31,UK,-0.730626609636223,tranquil,
2013-06-30,UK,-0.4120792096393935,tranquil,
2013-07-31,UK,-0.6908373243070876,tranquil,
2013-08-31,UK,-0.7978369838533991,tranquil,
2013-09-30,UK,-0.7265688988208597,tranquil,
2013-10-31,UK,-1.057169071381343,tranquil,
2013-11-30,UK,-1.2418152855681923,tranquil,
2013-12-31,UK,-1.232025946998976,tranquil,
2014-01-31,UK,-1.6160944380070703,tranquil,
2014-02-28,UK,-1.5189656677706265,tranquil,
2014-03-31,UK,-1.6339857366172168,tranquil,
2014-04-30,UK,-1.7767481377274792,tranquil,
2014-05-31,UK,-1.9976868968357089,tranquil,
2014-06-30,UK,-2.0328943071039953,tranquil,
2014-07-31,UK,-1.9233245076647176,tranquil,
2014-08-31,UK,-1.8646560803381675,tranquil,
2014-09-30,UK,-1.9052241037777728,tranquil,
2014-10-31,UK,-1.3785755939654185,tranquil,
2014-11-30,UK,-1.664329534938379,tranquil,
2014-12-31,UK,-1.4424185606711488,tranquil,
2015-01-31,UK,-1.0423251090866168,tranquil,
2015-02-28,UK,-1.3117931876258078,tranquil,
2015-03-31,UK,-1.4629800591901956,buffer,
2015-04-30,UK,-1.6248171656790882,buffer,
2015-05-31,UK,-1.648428024594534,buffer,
2015-06-30,UK,-1.465240206413168,stress,China/commodity/EM stress
2015-07-31,UK,-1.3751491086714616,stress,China/commodity/EM stress
2015-08-31,UK,-0.8878391253109451,stress,China/commodity/EM stress
2015-09-30,UK,-0.5865780055858252,stress,China/commodity/EM stress
2015-10-31,UK,-1.00932277911813,stress,China/commodity/EM stress
2015-11-30,UK,-1.212137124792665,stress,China/commodity/EM stress
2015-12-31,UK,-0.94028784856906,stress,China/commodity/EM stress
2016-01-31,UK,-0.4372052371031286,stress,China/commodity/EM stress
2016-02-29,UK,-0.4516392837064021,stress,China/commodity/EM stress
2016-03-31,UK,-1.2692496475000203,stress,China/commodity/EM stress
2016-04-30,UK,-1.209752287807102,buffer,
2016-05-31,UK,-1.234818110525167,buffer,
2016-06-30,UK,-1.2844624778141502,buffer,
2016-07-31,UK,-1.5122962074654798,tranquil,
2016-08-31,UK,-1.2661060445926666,tranquil,
2016-09-30,UK,-1.0440113250349,tranquil,
2016-10-31,UK,-1.138645715295196,tranquil,
2016-11-30,UK,-1.3701985885627177,tranquil,
2016-12-31,UK,-1.3423738334400206,tranquil,
2017-01-31,UK,-1.5254446867494942,tranquil,
2017-02-28,UK,-1.4527825975182111,tranquil,
2017-03-31,UK,-1.5278448019363666,tranquil,
2017-04-30,UK,-1.483530195497544,tranquil,
2017-05-31,UK,-1.8603650046382985,tranquil,
2017-06-30,UK,-2.1247411363472226,tranquil,
2017-07-31,UK,-2.061719056658966,tranquil,
2017-08-31,UK,-1.8663672786882564,tranquil,
2017-09-30,UK,-1.9984908241771748,tranquil,
2017-10-31,UK,-2.1473922734136313,tranquil,
2017-11-30,UK,-2.2191577777267684,tranquil,
2017-12-31,UK,-2.093147916128738,tranquil,
2018-01-31,UK,-1.9961785493195023,tranquil,
2018-02-28,UK,-1.0068054299537472,tranquil,
2018-03-31,UK,-1.1903929639793458,tranquil,
2018-04-30,UK,-0.8920156075162521,tranquil,
2018-05-31,UK,-1.3388193330327998,tranquil,
2018-06-30,UK,-1.3597869361463415,tranquil,
2018-07-31,UK,-1.3704164561576089,tranquil,
2018-08-31,UK,-1.454172393251298,tranquil,
2018-09-30,UK,-1.5537497750835312,tranquil,
2018-10-31,UK,-1.0520357018287088,tranquil,
2018-11-30,UK,-0.8575706486218333,tranquil,
2018-12-31,UK,-0.2643109772975316,tranquil,
2019-01-31,UK,-0.7733671194232411,tranquil,
2019-02-28,UK,-1.347157840247226,tranquil,
2019-03-31,UK,-1.4703908199498092,tranquil,
2019-04-30,UK,-1.5566326557658217,tranquil,
2019-05-31,UK,-1.313693600297917,tranquil,
2019-06-30,UK,-1.2589389976010732,tranquil,
2019-07-31,UK,-1.618122247308306,tranquil,
2019-08-31,UK,-1.1945954131215502,tranquil,
2019-09-30,UK,-1.3884196297481524,tranquil,
2019-10-31,UK,-1.5620959018965557,tranquil,
2019-11-30,UK,-1.726894511946171,buffer,
2019-12-31,UK,-1.630009081288983,buffer,
2020-01-31,UK,-0.9883851712813938,buffer,
2020-02-29,UK,-0.4961173351585766,stress,COVID-19 shock
2020-03-31,UK,2.7326085093966315,stress,COVID-19 shock
2020-04-30,UK,3.7509986744875663,stress,COVID-19 shock
2020-05-31,UK,2.1486533561922903,stress,COVID-19 shock
2020-06-30,UK,1.7826552523446306,stress,COVID-19 shock
2020-07-31,UK,1.3125796106829384,buffer,
2020-08-31,UK,1.0267627109465365,buffer,
2020-09-30,UK,1.389550322573519,buffer,
2020-10-31,UK,1.480739227160969,tranquil,
2020-11-30,UK,1.0803007447693675,tranquil,
2020-12-31,UK,0.9170330308439442,tranquil,
2021-01-31,UK,0.7088231236178365,tranquil,
2021-02-28,UK,0.5720702397197042,tranquil,
2021-03-31,UK,0.4603043179205168,tranquil,
2021-04-30,UK,-2.3070487816482848,tranquil,
2021-05-31,UK,-2.1785805154789197,tranquil,
2021-06-30,UK,-2.3918755466484027,tranquil,
2021-07-31,UK,-2.3349446624752432,tranquil,
2021-08-31,UK,-2.3221008680587607,tranquil,
2021-09-30,UK,-2.1684526332746588,tranquil,
2021-10-31,UK,-2.37365875012988,buffer,
2021-11-30,UK,-2.3216138975951024,buffer,
2021-12-31,UK,-2.006220310121741,buffer,
2022-01-31,UK,-2.0126612144497855,stress,Inflation/tightening stress
1999-01-31,US,-0.9166518977517674,tranquil,
1999-02-28,US,-1.019180579016146,tranquil,
1999-03-31,US,-1.384705571340753,tranquil,
1999-04-30,US,-1.3337237975912055,tranquil,
1999-05-31,US,-1.2833614930774373,tranquil,
1999-06-30,US,-1.2853163408659745,tranquil,
1999-07-31,US,-1.3161648916570574,tranquil,
1999-08-31,US,-1.174512840349842,tranquil,
1999-09-30,US,-1.076937846513763,tranquil,
1999-10-31,US,-0.9620800544781384,buffer,
1999-11-30,US,-1.1196668384408175,buffer,
1999-12-31,US,-1.1803390464413326,buffer,
2000-01-31,US,-1.079774633219889,stress,Dot-com bust
2000-02-29,US,-1.1888864204026597,stress,Dot-com bust
2000-03-31,US,-1.2318997341267035,stress,Dot-com bust
2000-04-30,US,-1.0197560202731493,stress,Dot-com bust
2000-05-31,US,-0.6721566192033711,stress,Dot-com bust
2000-06-30,US,-0.9004715092624135,stress,Dot-com bust
2000-07-31,US,-1.0151494226772462,stress,Dot-com bust
2000-08-31,US,-1.255391873917721,stress,Dot-com bust
2000-09-30,US,-1.1192658431777125,stress,Dot-com bust
2000-10-31,US,-0.5669869349685364,stress,Dot-com bust
2000-11-30,US,-0.2433185818512762,stress,Dot-com bust
2000-12-31,US,-0.1370773532695709,stress,Dot-com bust
2001-01-31,US,-0.1603335761398263,stress,Dot-com bust
2001-02-28,US,-0.3550350492245762,stress,Dot-com bust
2001-03-31,US,0.0386211594514946,stress,Dot-com bust
2001-04-30,US,0.446956742567172,stress,Dot-com bust
2001-05-31,US,-0.2261341621174996,stress,Dot-com bust
2001-06-30,US,-0.4608292836866748,stress,Dot-com bust
2001-07-31,US,-0.3199978483488258,stress,Dot-com bust
2001-08-31,US,-0.4142881887541542,stress,Dot-com bust
2001-09-30,US,1.1679693753517162,stress,Dot-com bust
2001-10-31,US,1.0658195775489172,stress,Dot-com bust
2001-11-30,US,0.5266052229396635,stress,Dot-com bust
2001-12-31,US,0.2875679128836443,stress,Dot-com bust
2002-01-31,US,-0.0518901914406176,stress,Dot-com bust
2002-02-28,US,-0.0788356863400622,stress,Dot-com bust
2002-03-31,US,-0.3726794571205624,stress,Dot-com bust
2002-04-30,US,-0.2437747084718044,stress,Dot-com bust
2002-05-31,US,-0.228651997387034,stress,Dot-com bust
2002-06-30,US,0.0097975978094475,stress,Dot-com bust
2002-07-31,US,0.6488879885043659,stress,Dot-com bust
2002-08-31,US,0.7757205214920996,stress,Dot-com bust
2002-09-30,US,1.0124905540490463,stress,Dot-com bust
2002-10-31,US,0.9610718102822954,stress,Dot-com bust
2002-11-30,US,0.4709901851941837,stress,Dot-com bust
2002-12-31,US,0.3409085771755085,stress,Dot-com bust
2003-01-31,US,0.3142163766580998,buffer,
2003-02-28,US,0.4698077781231692,buffer,
2003-03-31,US,0.5478985923352805,buffer,
2003-04-30,US,-0.1660435487888595,tranquil,
2003-05-31,US,-0.6181946255730228,tranquil,
2003-06-30,US,-0.6514139795701605,tranquil,
2003-07-31,US,-1.0039831659507217,tranquil,
2003-08-31,US,-0.9804261821052228,tranquil,
2003-09-30,US,-0.9436248011588874,tranquil,
2003-10-31,US,-1.4586262753998709,tranquil,
2003-11-30,US,-1.570243296552999,tranquil,
2003-12-31,US,-1.6060913074809169,tranquil,
2004-01-31,US,-1.8684133309995712,tranquil,
2004-02-29,US,-1.889615278043024,tranquil,
2004-03-31,US,-1.78246928271245,tranquil,
2004-04-30,US,-1.9876286387174464,tranquil,
2004-05-31,US,-1.8535495036162943,tranquil,
2004-06-30,US,-2.0271930187337537,tranquil,
2004-07-31,US,-1.9847519416759785,tranquil,
2004-08-31,US,-1.9739955054320824,tranquil,
2004-09-30,US,-2.082796701987422,tranquil,
2004-10-31,US,-2.0077107462157753,tranquil,
2004-11-30,US,-2.2426114921245652,tranquil,
2004-12-31,US,-2.3873482679851823,tranquil,
2005-01-31,US,-2.441292007957528,tranquil,
2005-02-28,US,-2.6292240099898767,tranquil,
2005-03-31,US,-2.5796284848105873,tranquil,
2005-04-30,US,-2.2701581607799204,tranquil,
2005-05-31,US,-2.2617710103832893,tranquil,
2005-06-30,US,-2.44163291184401,tranquil,
2005-07-31,US,-2.562101783061944,tranquil,
2005-08-31,US,-2.551761651201816,tranquil,
2005-09-30,US,-2.350695398047581,tranquil,
2005-10-31,US,-2.0961438572683524,tranquil,
2005-11-30,US,-2.2388694340113986,tranquil,
2005-12-31,US,-2.1898158039575617,tranquil,
2006-01-31,US,-2.2148382609180315,tranquil,
2006-02-28,US,-2.2410546506539863,tranquil,
2006-03-31,US,-2.3090027149128955,tranquil,
2006-04-30,US,-1.6321204290795326,tranquil,
2006-05-31,US,-1.5688410529043872,tranquil,
2006-06-30,US,-1.292545407589348,tranquil,
2006-07-31,US,-0.9075494010004364,tranquil,
2006-08-31,US,-1.1052963141324563,tranquil,
2006-09-30,US,-1.1561499764745446,tranquil,
2006-10-31,US,-1.166831613421485,tranquil,
2006-11-30,US,-1.2287877818399855,tranquil,
2006-12-31,US,-1.212156769624885,tranquil,
2007-01-31,US,-0.6185327354337096,tranquil,
2007-02-28,US,-0.7734474282722917,tranquil,
2007-03-31,US,-0.4721882546785207,tranquil,
2007-04-30,US,-0.3482122008159996,buffer,
2007-05-31,US,-0.212308285626412,buffer,
2007-06-30,US,0.0043676922704608,buffer,
2007-07-31,US,0.1692312120514615,stress,Global Financial Crisis
2007-08-31,US,1.2866784373707958,stress,Global Financial Crisis
2007-09-30,US,1.422685667950002,stress,Global Financial Crisis
2007-10-31,US,1.423560276710405,stress,Global Financial Crisis
2007-11-30,US,2.253233582856467,stress,Global Financial Crisis
2007-12-31,US,2.4255460065001153,stress,Global Financial Crisis
2008-01-31,US,2.9468866478676032,stress,Global Financial Crisis
2008-02-29,US,2.7345954219563056,stress,Global Financial Crisis
2008-03-31,US,3.4628999446971047,stress,Global Financial Crisis
2008-04-30,US,3.272146878073112,stress,Global Financial Crisis
2008-05-31,US,2.6906628485621304,stress,Global Financial Crisis
2008-06-30,US,2.9278753655311927,stress,Global Financial Crisis
2008-07-31,US,3.708594238326758,stress,Global Financial Crisis
2008-08-31,US,3.54199068628366,stress,Global Financial Crisis
2008-09-30,US,5.461694387534359,stress,Global Financial Crisis
2008-10-31,US,7.950719115202384,stress,Global Financial Crisis
2008-11-30,US,7.898698638675568,stress,Global Financial Crisis
2008-12-31,US,7.877746578660576,stress,Global Financial Crisis
2009-01-31,US,7.799633947315629,stress,Global Financial Crisis
2009-02-28,US,7.805266097642583,stress,Global Financial Crisis
2009-03-31,US,7.975706429427603,stress,Global Financial Crisis
2009-04-30,US,6.880925515799895,stress,Global Financial Crisis
2009-05-31,US,5.908371467698838,stress,Global Financial Crisis
2009-06-30,US,5.114860882333481,stress,Global Financial Crisis
2009-07-31,US,4.287505680896652,buffer,
2009-08-31,US,4.04722486982091,buffer,
2009-09-30,US,3.8868022730809257,buffer,
2009-10-31,US,3.079964937552326,buffer,
2009-11-30,US,2.8135750312559895,buffer,
2009-12-31,US,2.605151589923751,buffer,
2010-01-31,US,2.21716733500267,stress,Euro-area sovereign stress
2010-02-28,US,2.2554771352438183,stress,Euro-area sovereign stress
2010-03-31,US,1.934254059578272,stress,Euro-area sovereign stress
2010-04-30,US,1.543816611847898,stress,Euro-area sovereign stress
2010-05-31,US,2.613743729527363,stress,Euro-area sovereign stress
2010-06-30,US,2.6037589804168952,stress,Euro-area sovereign stress
2010-07-31,US,2.52030109576672,stress,Euro-area sovereign stress
2010-08-31,US,2.1769500612155506,stress,Euro-area sovereign stress
2010-09-30,US,2.1963733855584344,stress,Euro-area sovereign stress
2010-10-31,US,2.0549535797309555,stress,Euro-area sovereign stress
2010-11-30,US,2.1889500396801616,stress,Euro-area sovereign stress
2010-12-31,US,1.8577335352550732,stress,Euro-area sovereign stress
2011-01-31,US,1.7958053224879855,stress,Euro-area sovereign stress
2011-02-28,US,1.7561891717100413,stress,Euro-area sovereign stress
2011-03-31,US,2.1001019503572236,stress,Euro-area sovereign stress
2011-04-30,US,1.8070597421959924,stress,Euro-area sovereign stress
2011-05-31,US,1.648816919021474,stress,Euro-area sovereign stress
2011-06-30,US,2.0458519977660483,stress,Euro-area sovereign stress
2011-07-31,US,2.112821178854768,stress,Euro-area sovereign stress
2011-08-31,US,3.492968739795104,stress,Euro-area sovereign stress
2011-09-30,US,3.5556581499284823,stress,Euro-area sovereign stress
2011-10-31,US,2.9125631114331116,stress,Euro-area sovereign stress
2011-11-30,US,2.8811852097012585,stress,Euro-area sovereign stress
2011-12-31,US,2.7297025407761604,stress,Euro-area sovereign stress
2012-01-31,US,1.7924943411024057,stress,Euro-area sovereign stress
2012-02-29,US,1.3099965257832162,stress,Euro-area sovereign stress
2012-03-31,US,0.9875446769260928,stress,Euro-area sovereign stress
2012-04-30,US,0.8205694829308426,stress,Euro-area sovereign stress
2012-05-31,US,1.1994763352010391,stress,Euro-area sovereign stress
2012-06-30,US,1.4554487950670103,stress,Euro-area sovereign stress
2012-07-31,US,0.8577508387772614,stress,Euro-area sovereign stress
2012-08-31,US,0.4340492046562242,stress,Euro-area sovereign stress
2012-09-30,US,0.3765215933851086,stress,Euro-area sovereign stress
2012-10-31,US,0.1241216724193732,stress,Euro-area sovereign stress
2012-11-30,US,0.2638169135046724,stress,Euro-area sovereign stress
2012-12-31,US,0.3750785449378356,stress,Euro-area sovereign stress
2013-01-31,US,-0.2845861403122223,buffer,
2013-02-28,US,-0.5670514925076112,buffer,
2013-03-31,US,-0.6025085375788392,buffer,
2013-04-30,US,-0.5708219874929682,tranquil,
2013-05-31,US,-0.7254997848372045,tranquil,
2013-06-30,US,-0.3526446938687415,tranquil,
2013-07-31,US,-0.8296396093880856,tranquil,
2013-08-31,US,-0.805958366650145,tranquil,
2013-09-30,US,-0.5227144511544295,tranquil,
2013-10-31,US,-0.5121034595014875,tranquil,
2013-11-30,US,-1.2109259439088045,tranquil,
2013-12-31,US,-1.1486324383121145,tranquil,
2014-01-31,US,-0.9965587024210486,tranquil,
2014-02-28,US,-0.9332181550609434,tranquil,
2014-03-31,US,-0.9790389711534692,tranquil,
2014-04-30,US,-1.054301318824697,tranquil,
2014-05-31,US,-1.157507749502632,tranquil,
2014-06-30,US,-1.3231019883493065,tranquil,
2014-07-31,US,-1.2276627834783282,tranquil,
2014-08-31,US,-1.1878295310286155,tranquil,
2014-09-30,US,-1.1366913993644865,tranquil,
2014-10-31,US,-0.7433541512105557,tranquil,
2014-11-30,US,-1.004927215432814,tranquil,
2014-12-31,US,-0.8318502402168483,tranquil,
2015-01-31,US,-0.7155150090891789,tranquil,
2015-02-28,US,-1.064412118581596,tranquil,
2015-03-31,US,-1.1605851446271478,buffer,
2015-04-30,US,-1.2041687200084945,buffer,
2015-05-31,US,-1.2055879589879477,buffer,
2015-06-30,US,-1.1152071760454003,stress,China/commodity/EM stress
2015-07-31,US,-1.0407891956559236,stress,China/commodity/EM stress
2015-08-31,US,-0.5358892877002716,stress,China/commodity/EM stress
2015-09-30,US,-0.1687830293073774,stress,China/commodity/EM stress
2015-10-31,US,-0.6668473704948951,stress,China/commodity/EM stress
2015-11-30,US,-0.8252191742113705,stress,China/commodity/EM stress
2015-12-31,US,-0.643126702245206,stress,China/commodity/EM stress
2016-01-31,US,-0.0302898283311742,stress,China/commodity/EM stress
2016-02-29,US,0.0104848978405619,stress,China/commodity/EM stress
2016-03-31,US,-0.5601387572247051,stress,China/commodity/EM stress
2016-04-30,US,-0.7444071616444389,buffer,
2016-05-31,US,-0.8407896814238262,buffer,
2016-06-30,US,-0.1852894905614459,buffer,
2016-07-31,US,-0.7466503880185108,tranquil,
2016-08-31,US,-0.9364935273989626,tranquil,
2016-09-30,US,-0.8785923529460155,tranquil,
2016-10-31,US,-0.8233406857537782,tranquil,
2016-11-30,US,-0.4256399929346894,tranquil,
2016-12-31,US,-0.9172097559435288,tranquil,
2017-01-31,US,-0.7857791252099061,tranquil,
2017-02-28,US,-0.8350505440992712,tranquil,
2017-03-31,US,-1.0110977558693752,tranquil,
2017-04-30,US,-1.0798623765519677,tranquil,
2017-05-31,US,-1.3643258730602843,tranquil,
2017-06-30,US,-1.4516482034787708,tranquil,
2017-07-31,US,-1.4508241743520074,tranquil,
2017-08-31,US,-1.3241675681328913,tranquil,
2017-09-30,US,-1.5060054739602966,tranquil,
2017-10-31,US,-1.6840434878100718,tranquil,
2017-11-30,US,-1.762208172525889,tranquil,
2017-12-31,US,-1.674585776742432,tranquil,
2018-01-31,US,-1.6453982625449983,tranquil,
2018-02-28,US,-1.1451088096960906,tranquil,
2018-03-31,US,-0.9712995035612336,tranquil,
2018-04-30,US,-1.0550752750528245,tranquil,
2018-05-31,US,-1.2762967041632491,tranquil,
2018-06-30,US,-1.3296127642220477,tranquil,
2018-07-31,US,-1.234922845410393,tranquil,
2018-08-31,US,-1.5342354137295822,tranquil,
2018-09-30,US,-1.5468978443731431,tranquil,
2018-10-31,US,-0.9182353310909496,tranquil,
2018-11-30,US,-0.6701671595389308,tranquil,
2018-12-31,US,0.0170370568449777,tranquil,
2019-01-31,US,-0.0330733623097187,tranquil,
2019-02-28,US,-1.0022439286331923,tranquil,
2019-03-31,US,-0.9448162384699254,tranquil,
2019-04-30,US,-1.2751095581979837,tranquil,
2019-05-31,US,-0.9347727935553136,tranquil,
2019-06-30,US,-0.7807208959965833,tranquil,
2019-07-31,US,-1.0841511023826689,tranquil,
2019-08-31,US,-0.5085058248131795,tranquil,
2019-09-30,US,-1.044963892322775,tranquil,
2019-10-31,US,-1.162870652769701,tranquil,
2019-11-30,US,-1.2784502434792688,buffer,
2019-12-31,US,-1.1838248670419949,buffer,
2020-01-31,US,-1.2100134715093684,buffer,
2020-02-29,US,-0.7841729660577947,stress,COVID-19 shock
2020-03-31,US,2.7344847163419828,stress,COVID-19 shock
2020-05-31,US,2.9900468356228087,stress,COVID-19 shock
2020-06-30,US,2.376317170338743,stress,COVID-19 shock
2020-07-31,US,1.972798185409812,buffer,
2020-08-31,US,0.9937698368608524,buffer,
2020-09-30,US,1.103600260082464,buffer,
2020-10-31,US,0.8968501901128925,tranquil,
2020-11-30,US,0.5152383581533254,tranquil,
2020-12-31,US,0.3011896104028694,tranquil,
2021-01-31,US,-0.2433948890949233,tranquil,
2021-02-28,US,-0.715599787169838,tranquil,
2021-03-31,US,-0.8591060583512917,tranquil,
2021-04-30,US,-2.3074921259311836,tranquil,
2021-05-31,US,-2.1576641022879297,tranquil,
2021-06-30,US,-2.420786888913834,tranquil,
2021-07-31,US,-2.0047289851279695,tranquil,
2021-08-31,US,-2.163343726758972,tranquil,
2021-09-30,US,-2.0824182369252826,tranquil,
2021-10-31,US,-2.413868884623199,buffer,
2021-11-30,US,-2.259999524712731,buffer,
2021-12-31,US,-2.025849490669905,buffer,
2022-01-31,US,-1.823214409350434,stress,Inflation/tightening stress
